300,0,0,0,0,0,0,0,0,0,0,0,0,0,0,0,0,0,0,0,0,0.000047,0.00000000362633763577522,0,0,0,0,0
305,0,0,0,0,0,0,0,0,0,0,0,0,0,0,0,0,0,0,0,0,0.000056,0.00000000064105198328216,0,0,0.0017,0,0
310,0,0,0,0,0,0,0,0,0,0,0,0,0,0,0,0,0,0,0,0,0.000006,0.00000039061743951753,0,0,0.0081,0,0
315,0.000913604766633565,0.000913604766633565,0,0,0,0,0,0,0,0,0,0,0,0,0,0,0,0,0,0,-0.00055,0.0000110511187454257,0,0,0.0351,0,0.0000913604766633565
320,0.00822244289970209,0.00822244289970209,0,0.001,0.002,0.001,0,0.003,0.001,0,0,0,0,0,0,0,0,0,0.003,0,0.000334,0.0000841550953901305,0,0,0.0976,0,0.00137224428997021
325,0.042025819265144,0.042025819265144,0.01,0.011,0.013,0.006,0.008,0.02,0.01,0,0,0,0,0,0,0,0,0,0.021,0.021,0.001621,0.000412119817250158,0.0091184851969268,0.008,0.21,0,0.0102025819265144
330,0.123336643495531,0.123336643495531,0.04,0.048,0.057,0.035,0.045,0.075,0.046,0.002,0.002,0.002,0.002,0.002,0.002,0.002,0.002,0,0.08,0.081,0.004745,0.00127298095925025,0.0255008471587118,0.045,0.3497,0.002,0.0384836643495531
335,0.252154915590864,0.252154915590864,0.11,0.135,0.149,0.111,0.129,0.176,0.132,0.011,0.011,0.011,0.011,0.011,0.011,0.011,0.011,0.011,0.193,0.193,0.010144,0.00288563633710127,0.0822231037641651,0.129,0.4865,0.011,0.0965654915590863
340,0.401072492552135,0.401072492552135,0.22,0.268,0.285,0.238,0.264,0.311,0.264,0.063,0.064,0.064,0.064,0.065,0.065,0.063,0.065,0.065,0.338,0.339,0.01803,0.00561763651403083,0.159331205290155,0.264,0.6056,0.065,0.195357249255214
345,0.540854021847071,0.540854021847071,0.33,0.413,0.43,0.379,0.412,0.458,0.409,0.184,0.184,0.186,0.186,0.187,0.187,0.181,0.188,0.188,0.484,0.485,0.028456,0.00969516050656824,0.250322233475017,0.412,0.7035,0.188,0.327635402184707
350,0.655054617676266,0.655054617676266,0.44,0.53,0.549,0.51,0.546,0.577,0.545,0.373,0.375,0.377,0.378,0.38,0.38,0.369,0.382,0.382,0.606,0.607,0.041931,0.0159479761405591,0.344225888820966,0.546,0.7686,0.381,0.480805461767627
355,0.734538232373386,0.734538232373386,0.54,0.631,0.648,0.622,0.653,0.665,0.648,0.567,0.569,0.572,0.573,0.576,0.577,0.56,0.579,0.58,0.699,0.701,0.059277,0.0257554039252419,0.428764481950865,0.653,0.812,0.578,0.621453823237339
360,0.792095332671301,0.799244383979948,0.636003066695931,0.702,0.719,0.701,0.728,0.733,0.713,0.709,0.713,0.715,0.717,0.721,0.722,0.701,0.724,0.725,0.761,0.762,0.081908,0.0405430796442058,0.500389693904611,0.728,0.8429,0.723,0.724667139167359
365,0.829553128103277,0.821023444247088,0.679277885876485,0.752,0.762,0.754,0.777,0.777,0.76,0.797,0.801,0.804,0.806,0.81,0.812,0.788,0.814,0.815,0.796,0.798,0.11074,0.0631094860597052,0.551017713774794,0.777,0.862,0.813,0.787642722911343
370,0.846911618669315,0.836223015792656,0.713165222094809,0.773,0.785,0.778,0.795,0.79,0.798,0.846,0.849,0.852,0.855,0.859,0.861,0.836,0.863,0.864,0.806,0.807,0.14651,0.0947505623998623,0.582084045168459,0.795,0.8678,0.862,0.820664992827839
375,0.833207547169811,0.840673730276587,0.730174908455092,0.76,0.776,0.762,0.773,0.789,0.78,0.867,0.871,0.874,0.876,0.88,0.882,0.857,0.885,0.886,0.782,0.783,0.18803,0.135888069408207,0.582728264130129,0.773,0.8672,0.883,0.824352809295074
380,0.819503475670308,0.842945632401681,0.741827638020103,0.742,0.756,0.743,0.75,0.761,0.747,0.876,0.879,0.882,0.885,0.889,0.891,0.866,0.893,0.894,0.772,0.773,0.23872,0.189201295836726,0.582084045168459,0.75,0.8554,0.892,0.820163837304605
385,0.84325719960278,0.852165425587427,0.761149739813835,0.765,0.78,0.77,0.786,0.795,0.782,0.882,0.886,0.889,0.892,0.895,0.897,0.873,0.899,0.9,0.802,0.803,0.3079,0.259578023988504,0.615198912998016,0.786,0.8696,0.898,0.837628618250202
390,0.873406156901688,0.866411958505199,0.785416178929972,0.805,0.814,0.811,0.828,0.821,0.822,0.888,0.891,0.894,0.897,0.9,0.902,0.878,0.905,0.906,0.835,0.836,0.39107,0.342449693386927,0.653676142701404,0.828,0.8804,0.903,0.857911714716843
395,0.890764647467726,0.881091933213412,0.808199889725508,0.826,0.835,0.835,0.855,0.84,0.847,0.89,0.893,0.896,0.899,0.902,0.904,0.88,0.906,0.907,0.853,0.854,0.4763,0.429410640393641,0.678182088981823,0.855,0.8884,0.905,0.870102823520332
400,0.899900695134061,0.892317947317796,0.825343592363361,0.835,0.843,0.845,0.865,0.85,0.863,0.892,0.895,0.898,0.9,0.904,0.905,0.883,0.908,0.909,0.861,0.862,0.55667,0.51579445395845,0.696320099808737,0.865,0.8924,0.907,0.876778111740761
405,0.901727904667329,0.89746794743293,0.834353423750689,0.8383,0.8453839,0.8460732,0.867,0.8545038,0.8664787,0.8932894,0.8962721,0.8993946,0.9011202,0.9048106,0.9061318,0.8845597,0.9090225,0.909992,0.8616,0.8630419,0.62533,0.59111574028966,0.708333297361438,0.867,0.8945,0.9079332,0.879026183792547
410,0.898073485600794,0.898589430846225,0.837341399009037,0.837,0.843,0.842,0.864,0.855,0.861,0.894,0.897,0.9,0.902,0.905,0.907,0.885,0.909,0.91,0.859,0.861,0.67967,0.65561340904437,0.715882918201125,0.864,0.8921,0.908,0.878250215772803
415,0.89441906653426,0.898499437733895,0.837351086118662,0.8311875,0.8360176,0.83639,0.86,0.8520518,0.8525263,0.8947367,0.8977072,0.9000831,0.9021883,0.9056038,0.9071608,0.8855622,0.9089555,0.9100797,0.8573363,0.8595456,0.7189,0.706531963558319,0.720280052351275,0.86,0.8914,0.9079796,0.876370099519341
420,0.893505461767626,0.898196497512563,0.836160548237133,0.825,0.83,0.832,0.856,0.849,0.846,0.895,0.898,0.9,0.902,0.906,0.907,0.886,0.909,0.91,0.857,0.859,0.74731,0.746229642618493,0.722837585252254,0.856,0.8896,0.908,0.874743125375866
425,0.893505461767626,0.898106141076905,0.835067736043003,0.823875,0.8296708,0.8303669,0.857,0.8485392,0.8446663,0.8943888,0.897524,0.9000231,0.9018766,0.9055243,0.9069749,0.8859415,0.9090303,0.9094392,0.8574299,0.8589007,0.76724,0.776804729261125,0.726871259172696,0.857,0.8933,0.9080234,0.874392541944377
430,0.893505461767626,0.898196497512563,0.834744846932922,0.824,0.831,0.829,0.857,0.848,0.846,0.894,0.897,0.9,0.902,0.905,0.907,0.886,0.909,0.909,0.858,0.859,0.7798,0.799129359531229,0.7308937320999,0.857,0.8972,0.908,0.874372340310655
435,0.893505461767626,0.898450710660171,0.835595510834928,0.8224375,0.8295494,0.8257674,0.856,0.8449166,0.8469337,0.894833,0.897197,0.8998246,0.9024302,0.9052991,0.9069397,0.8867968,0.9089233,0.9092884,0.8584441,0.8593514,0.78715,0.814146311832272,0.735418248853386,0.856,0.899,0.9079268,0.874124194163137
440,0.892591857000993,0.899375684265998,0.837577689156155,0.822,0.828,0.824,0.856,0.843,0.848,0.896,0.898,0.9,0.903,0.906,0.907,0.888,0.909,0.91,0.86,0.861,0.79215,0.82417292560774,0.740958319889602,0.856,0.9012,0.908,0.874427261521157
445,0.895332671300894,0.90139872256865,0.840554110549354,0.8253125,0.8298818,0.8270636,0.86,0.8460444,0.8504739,0.8965292,0.8990632,0.9009286,0.9035275,0.9065294,0.9073912,0.8891214,0.9094017,0.910657,0.8637938,0.8648186,0.79759,0.830976677861574,0.748823548123244,0.86,0.9026,0.9083945,0.876391165220945
450,0.898987090367428,0.904104045697378,0.84444751382143,0.83,0.835,0.833,0.865,0.852,0.855,0.897,0.9,0.902,0.904,0.907,0.908,0.89,0.91,0.911,0.869,0.87,0.80274,0.836160548237133,0.757145047437861,0.865,0.9026,0.909,0.879276932494312
455,0.902641509433962,0.906936937611908,0.849071765726293,0.8344375,0.8419236,0.8389782,0.871,0.8577807,0.8616707,0.89805,0.9005501,0.9025862,0.9044596,0.9075835,0.9086205,0.8905925,0.910595,0.9109586,0.8743808,0.8753741,0.80737,0.841363773431735,0.764648981180553,0.871,0.9031,0.9096202,0.882409590638608
460,0.90720953326713,0.909644003952825,0.85373938399065,0.839,0.848,0.844,0.876,0.862,0.869,0.899,0.901,0.903,0.905,0.908,0.909,0.891,0.911,0.911,0.879,0.88,0.81193,0.84539771910895,0.771728096650293,0.876,0.9025,0.91,0.88527964606053
465,0.909950347567031,0.912101954360303,0.857815984368861,0.84375,0.8511738,0.8477734,0.879,0.8642079,0.8752182,0.8991456,0.9016114,0.9036018,0.9056339,0.9080117,0.9090017,0.8913836,0.9110934,0.9115087,0.8821832,0.883185,0.81512,0.846586377473732,0.778360115675409,0.879,0.9028,0.9099995,0.88736757931481
470,0.911777557100298,0.914412769645765,0.861409093882943,0.848,0.853,0.851,0.882,0.866,0.879,0.899,0.902,0.904,0.906,0.908,0.909,0.892,0.911,0.912,0.884,0.885,0.81746,0.847062121423586,0.784520820112186,0.882,0.9033,0.91,0.88892997103145
475,0.912691161866931,0.91658157351884,0.864642410806531,0.8508125,0.8553813,0.8543031,0.884,0.8688877,0.8797065,0.8992427,0.9018792,0.9038816,0.9058797,0.9083699,0.9093726,0.8929979,0.9109066,0.9120066,0.8848866,0.8858859,0.81934,0.848014090457722,0.790187293396027,0.884,0.9012,0.9103817,0.890115777309615
480,0.913604766633565,0.918001629844126,0.866947137773871,0.853,0.858,0.857,0.884,0.872,0.879,0.9,0.902,0.904,0.906,0.909,0.91,0.894,0.911,0.912,0.886,0.887,0.82156,0.849919953568099,0.795201792390013,0.884,0.8999,0.911,0.891127676712578
485,0.915431976166832,0.918367087975167,0.867934177113033,0.8550625,0.860176,0.8585143,0.885,0.8741163,0.8787058,0.9011337,0.9029966,0.9049966,0.9069721,0.9096339,0.910633,0.8946246,0.9114053,0.9124649,0.8881456,0.8891463,0.8228,0.853500368514487,0.799708639886248,0.885,0.8987,0.9115989,0.892273037062752
490,0.917259185700099,0.91920026083176,0.868636857487709,0.857,0.862,0.86,0.887,0.875,0.879,0.902,0.904,0.906,0.908,0.91,0.911,0.895,0.912,0.913,0.89,0.891,0.82431,0.857329436117526,0.803718034833202,0.887,0.8976,0.912,0.893354815200978
495,0.917259185700099,0.921660723002852,0.870014955840116,0.859,0.8636646,0.8625146,0.888,0.874897,0.8797202,0.9020976,0.9041342,0.9061318,0.9082318,0.9099696,0.9109704,0.8953788,0.9125972,0.9131338,0.8902812,0.8912788,0.82517,0.858767988498462,0.80724020086829,0.888,0.8939,0.9120979,0.894046823227153
500,0.918172790466733,0.923605286054718,0.871296120846167,0.861,0.865,0.865,0.888,0.875,0.881,0.902,0.904,0.906,0.908,0.91,0.911,0.896,0.913,0.913,0.89,0.891,0.8262,0.85996788771772,0.810285384530753,0.888,0.8919,0.912,0.894603709868381
505,0.919086395233366,0.922999660688352,0.871622579014656,0.8633125,0.8659156,0.8663022,0.889,0.8761707,0.8827883,0.9023508,0.9043415,0.9063513,0.9078508,0.9104878,0.9114853,0.8969854,0.9130811,0.9128751,0.8903546,0.8913636,0.82676,0.861649435695167,0.812594066468199,0.889,0.891,0.9118847,0.895236261746819
510,0.92,0.921601043780751,0.871538113934944,0.865,0.867,0.867,0.89,0.877,0.884,0.903,0.905,0.907,0.908,0.911,0.912,0.898,0.913,0.913,0.891,0.892,0.82686,0.863332954951502,0.814513744612946,0.89,0.8853,0.912,0.895806957885785
515,0.92,0.921457264807329,0.871756426289337,0.8648125,0.8685479,0.8677767,0.89,0.8761702,0.8837516,0.9036242,0.9056249,0.9075882,0.9084901,0.9110792,0.9120883,0.8986796,0.9129535,0.9134909,0.8913004,0.8922669,0.8269,0.863814322632667,0.816122193277699,0.89,0.8838,0.9124884,0.896072939554833
520,0.92,0.9220016310256,0.872264335142838,0.864,0.869,0.868,0.89,0.875,0.883,0.904,0.906,0.908,0.909,0.911,0.912,0.899,0.913,0.914,0.891,0.892,0.82619,0.864055066847694,0.817497207728603,0.89,0.8806,0.913,0.896113298308422
525,0.919086395233366,0.922230024179844,0.872819897175318,0.8635,0.8671429,0.8670909,0.889,0.8750235,0.8827053,0.9040273,0.906034,0.908171,0.9091888,0.9110705,0.9120364,0.8990461,0.9131048,0.9141612,0.8900689,0.8911938,0.82547,0.864536676037851,0.818716598866612,0.889,0.8769,0.9131618,0.895835085829426
530,0.919086395233366,0.9220016310256,0.872990919310097,0.863,0.865,0.866,0.888,0.876,0.882,0.904,0.906,0.908,0.909,0.911,0.912,0.899,0.913,0.914,0.889,0.89,0.82434,0.865259391756995,0.820480888624114,0.888,0.8735,0.913,0.895453947278453
535,0.918172790466733,0.921432435601959,0.872487600040791,0.8625625,0.8646306,0.8656098,0.887,0.8771109,0.8801774,0.9041417,0.9061143,0.9074779,0.9085046,0.9105138,0.911641,0.8990111,0.9125022,0.9136144,0.888174,0.8885827,0.82326,0.865982469850656,0.822089571891343,0.887,0.8731,0.9126143,0.894973086305474
540,0.918172790466733,0.920800260907374,0.871780147345823,0.862,0.865,0.865,0.885,0.877,0.879,0.904,0.906,0.907,0.908,0.91,0.911,0.899,0.912,0.913,0.887,0.887,0.8222,0.866947137773871,0.823464786539139,0.885,0.8665,0.912,0.894387659935996
545,0.918172790466733,0.920296035714959,0.871330239429883,0.86125,0.8645847,0.8632198,0.884,0.8747828,0.8798352,0.903281,0.905384,0.9069174,0.9077927,0.9098743,0.9102746,0.8989097,0.9118864,0.9122561,0.8848599,0.8852253,0.82055,0.867188405447896,0.82452866334814,0.884,0.8636,0.9112561,0.893706648280578
550,0.917259185700099,0.919600065212665,0.870812255625958,0.86,0.863,0.861,0.883,0.872,0.88,0.903,0.905,0.907,0.908,0.91,0.91,0.899,0.912,0.912,0.882,0.883,0.81844,0.867188405447896,0.825203331162021,0.883,0.8607,0.911,0.892883575326936
555,0.915431976166832,0.918335130999348,0.869757263236745,0.85775,0.8604054,0.8591359,0.882,0.870258,0.8771066,0.9039845,0.9054749,0.9069773,0.9085747,0.9101138,0.9105107,0.8994752,0.9120771,0.9126112,0.8788863,0.8801411,0.81666,0.866947137773871,0.824829667624612,0.882,0.8557,0.9116114,0.891950353520146
560,0.913604766633565,0.916405279164359,0.867912450169569,0.855,0.858,0.857,0.879,0.869,0.874,0.905,0.906,0.907,0.909,0.91,0.911,0.9,0.912,0.913,0.876,0.877,0.81429,0.86622357642001,0.824056402447132,0.879,0.8532,0.912,0.890796124798375
565,0.911777557100298,0.913933061134795,0.865243970039002,0.85225,0.8565435,0.8538616,0.878,0.8674354,0.8733632,0.9047811,0.9057166,0.9071733,0.9087837,0.9095454,0.9106826,0.9001897,0.9116803,0.9121741,0.873595,0.8739604,0.81194,0.863573618668018,0.822951021725935,0.878,0.8487,0.9111734,0.889534524413705
570,0.909950347567031,0.911628717128,0.862370702521906,0.849,0.854,0.85,0.874,0.866,0.872,0.904,0.905,0.907,0.908,0.909,0.91,0.9,0.911,0.911,0.871,0.871,0.80926,0.860688309804919,0.821581013595476,0.874,0.8418,0.91,0.887797488360847
575,0.906295928500496,0.910035132618519,0.859846172138289,0.8448125,0.8485454,0.8457927,0.87,0.8650005,0.8668154,0.9035162,0.9044089,0.9060795,0.9069155,0.9085797,0.9095089,0.8995162,0.9099516,0.9104425,0.8676089,0.8680174,0.80653,0.859007887926853,0.820013863356303,0.87,0.8406,0.9094449,0.885584451662865
580,0.903555114200596,0.908454732656992,0.857329436117526,0.84,0.842,0.841,0.865,0.863,0.861,0.903,0.904,0.905,0.906,0.908,0.909,0.899,0.909,0.91,0.864,0.865,0.80386,0.857569094360175,0.818690653995924,0.865,0.8358,0.909,0.883166964148756
585,0.899900695134061,0.906133867030539,0.854418646062984,0.8344375,0.8365247,0.8354678,0.861,0.8588127,0.858125,0.9020291,0.903648,0.9043835,0.9055543,0.907011,0.9081567,0.8986206,0.9085134,0.909056,0.8607194,0.861845,0.79991,0.854456671364406,0.817211823564459,0.861,0.8341,0.9080471,0.880717895411379
590,0.896246276067527,0.903314693745543,0.851351035879996,0.829,0.832,0.83,0.857,0.854,0.857,0.901,0.903,0.904,0.905,0.906,0.907,0.898,0.908,0.908,0.857,0.858,0.79622,0.850873847932486,0.815551446165399,0.857,0.8324,0.907,0.878245600284653
595,0.892591857000993,0.900444242383918,0.848375054385636,0.8248125,0.8278558,0.8253362,0.853,0.8504988,0.8554345,0.9003674,0.9018741,0.9035113,0.9038675,0.9053765,0.9057394,0.8968765,0.906995,0.9073333,0.8521385,0.8531026,0.79282,0.847062121423586,0.81368360240641,0.853,0.8231,0.9063668,0.875776552688527
600,0.890764647467726,0.897803693058798,0.845160107676804,0.821,0.824,0.821,0.85,0.849,0.852,0.9,0.901,0.903,0.903,0.905,0.905,0.896,0.906,0.907,0.847,0.848,0.78849,0.842786197109233,0.811582380685449,0.85,0.8246,0.906,0.873586422410166
605,0.888023833167825,0.895448787301385,0.84141542958834,0.8173125,0.8201773,0.8163123,0.846,0.8490671,0.846137,0.8996264,0.9009808,0.9025714,0.9031008,0.904608,0.9051356,0.8959984,0.9055068,0.9067356,0.8424765,0.8434947,0.78404,0.838286799623616,0.808848361282228,0.846,0.8076,0.9056106,0.871506462502877
610,0.885283018867924,0.892708950410937,0.837577689156155,0.813,0.815,0.811,0.842,0.847,0.84,0.899,0.901,0.902,0.903,0.904,0.905,0.896,0.905,0.906,0.838,0.839,0.77889,0.83333058475571,0.80592259460225,0.842,0.8002,0.905,0.869078482921751
615,0.882542204568024,0.889015588531491,0.834093164741834,0.806625,0.8075602,0.8050394,0.837,0.8401077,0.8357675,0.8980018,0.9002029,0.9010782,0.9016043,0.9030666,0.9035932,0.8951299,0.9039777,0.9044744,0.8328305,0.8337938,0.77327,0.828626764926696,0.80287255338954,0.837,0.7907,0.9040659,0.865775202892067
620,0.879801390268123,0.88491326340242,0.830741506877223,0.8,0.8,0.799,0.832,0.833,0.833,0.897,0.899,0.9,0.9,0.902,0.902,0.894,0.903,0.903,0.827,0.828,0.76743,0.823471004060194,0.799765691850653,0.832,0.7862,0.903,0.862372808027388
625,0.876146971201589,0.881020682422051,0.827180736391132,0.7948125,0.7944569,0.7934049,0.827,0.8302522,0.8306681,0.8963662,0.8979575,0.8989908,0.899357,0.9010007,0.9013667,0.8933568,0.9025822,0.9023668,0.8208267,0.8219552,0.76099,0.816937030445248,0.796669443964799,0.827,0.7849,0.9020008,0.859553479500738
630,0.873406156901688,0.877168745778921,0.823237109948395,0.79,0.79,0.788,0.822,0.829,0.828,0.896,0.897,0.898,0.899,0.9,0.901,0.893,0.902,0.902,0.815,0.816,0.754,0.809970972336299,0.794149058013669,0.822,0.7848,0.901,0.85699060063145
635,0.869751737835154,0.873067129762179,0.818896508089482,0.785,0.7853622,0.7824658,0.816,0.8256337,0.82456,0.8956584,0.8959671,0.8969587,0.8980927,0.8989306,0.9000652,0.8925677,0.9005685,0.9011834,0.8099879,0.8103855,0.74657,0.803040676257815,0.791649573977778,0.816,0.7864,0.899931,0.854055138784341
640,0.867010923535253,0.868708609223607,0.814611033730365,0.78,0.781,0.777,0.811,0.821,0.821,0.895,0.895,0.896,0.897,0.898,0.899,0.892,0.899,0.9,0.805,0.805,0.73839,0.796604611045397,0.789113951661537,0.811,0.7894,0.899,0.851116528324461
645,0.864270109235352,0.864261078695034,0.810785774865798,0.774875,0.7773444,0.7718568,0.808,0.8165882,0.8178417,0.8938751,0.894299,0.8952994,0.896272,0.8974019,0.8983727,0.8913725,0.8981439,0.8987745,0.7992218,0.7996279,0.73048,0.790427811520611,0.786485165609898,0.808,0.7944,0.8984001,0.848424188139809
650,0.860615690168818,0.860309818118127,0.807194565897745,0.77,0.773,0.767,0.802,0.812,0.814,0.893,0.894,0.895,0.896,0.897,0.898,0.891,0.898,0.898,0.793,0.794,0.72131,0.783825578127859,0.783706206166053,0.802,0.8014,0.898,0.845656003709235
655,0.858788480635551,0.85719195851547,0.803535467656089,0.7659375,0.7668852,0.7623569,0.797,0.8070137,0.8086981,0.8929662,0.8940869,0.8950936,0.8960692,0.8965869,0.8975691,0.8910674,0.8982308,0.8979686,0.7868749,0.787978,0.7123,0.775224619555984,0.780263887966088,0.797,0.8088,0.8975935,0.843094945340355
660,0.85604766633565,0.853861671530831,0.799818759374149,0.762,0.761,0.758,0.791,0.804,0.804,0.893,0.894,0.895,0.896,0.896,0.897,0.891,0.898,0.898,0.781,0.782,0.70213,0.766232422878481,0.776671551467797,0.791,0.8169,0.897,0.840536404862032
665,0.85330685203575,0.849318349271184,0.796064937448207,0.7575625,0.7572398,0.7539655,0.787,0.8043572,0.801366,0.8922602,0.8932283,0.894201,0.8953263,0.8951255,0.8962259,0.890233,0.8966827,0.897351,0.7752786,0.7763353,0.69157,0.756635932582908,0.772986252882339,0.787,0.8261,0.896101,0.838121446937757
670,0.851479642502483,0.844069997008334,0.792026434241129,0.753,0.754,0.75,0.782,0.803,0.797,0.891,0.892,0.893,0.894,0.894,0.895,0.889,0.895,0.896,0.769,0.77,0.6805,0.747553292139714,0.7692650280504,0.782,0.8366,0.895,0.835228803687597
675,0.848738828202582,0.838871013436261,0.78752556710621,0.748625,0.7494055,0.7457811,0.778,0.7955576,0.7879629,0.8897432,0.89075,0.8918523,0.8922507,0.8927859,0.8932775,0.8877505,0.8937884,0.8942524,0.7617608,0.7623059,0.66866,0.73941319355538,0.765564891256154,0.778,0.8444,0.8938774,0.831549255437253
680,0.845998013902681,0.833991105072614,0.782917531899351,0.744,0.744,0.741,0.773,0.787,0.78,0.889,0.89,0.891,0.891,0.892,0.892,0.887,0.893,0.893,0.755,0.755,0.65661,0.731108691618003,0.762460990673545,0.773,0.8506,0.893,0.827995332543732
685,0.84325719960278,0.829494795542162,0.778590088954377,0.7385625,0.738763,0.7355351,0.768,0.7827874,0.7782825,0.8890172,0.8900216,0.8905149,0.8909208,0.8919808,0.8919142,0.8870148,0.8924138,0.8928893,0.7498033,0.7495663,0.64372,0.720267340499632,0.759362523955258,0.768,0.853,0.8925142,0.825466479204966
690,0.84051638530288,0.825108110212522,0.774548020558339,0.733,0.734,0.73,0.763,0.781,0.777,0.889,0.89,0.89,0.891,0.892,0.892,0.887,0.892,0.893,0.744,0.744,0.63074,0.709095264974789,0.756196960413454,0.763,0.8527,0.892,0.823108625803687
695,0.835948361469712,0.820516728573394,0.770638151959099,0.7279375,0.7296674,0.7249534,0.758,0.7784177,0.7702822,0.888188,0.8891635,0.8890882,0.8901911,0.8912909,0.8911906,0.8861903,0.8916814,0.8923154,0.7356509,0.736304,0.61721,0.699511580898229,0.752891793936514,0.758,0.8532,0.8910656,0.81988078710011
700,0.833207547169811,0.815565145191173,0.766456460894414,0.723,0.725,0.72,0.751,0.774,0.763,0.887,0.888,0.888,0.889,0.89,0.89,0.885,0.891,0.891,0.727,0.728,0.60324,0.689795687685984,0.749374545244224,0.751,0.8504,0.89,0.81626145766277
705,0.829553128103277,0.810250832611138,0.761719284110124,0.7180625,0.7193176,0.7146514,0.746,0.7677918,0.7602136,0.8859809,0.8870745,0.8870075,0.8880648,0.8884807,0.8890733,0.883974,0.8896105,0.8894741,0.720468,0.7209677,0.58862,0.677661239544049,0.744992691588189,0.746,0.8488,0.8890983,0.812886807241227
710,0.826812313803376,0.805018986905566,0.756858282909985,0.713,0.713,0.709,0.74,0.762,0.757,0.885,0.886,0.886,0.887,0.887,0.888,0.883,0.888,0.888,0.715,0.715,0.57456,0.665449915496998,0.740399032117958,0.74,0.8523,0.888,0.809534479180946
715,0.823157894736842,0.800249807408316,0.7523289820767,0.7075,0.7066874,0.7033162,0.736,0.7585401,0.7483633,0.8838885,0.8844137,0.884882,0.8854248,0.8857864,0.8863913,0.8819136,0.8867515,0.8867882,0.7089772,0.709325,0.5597,0.65418625715228,0.735666139368875,0.736,0.8497,0.8864163,0.806034294211093
720,0.818589870903674,0.795651068844448,0.747994821449199,0.702,0.701,0.698,0.73,0.756,0.739,0.883,0.883,0.884,0.884,0.885,0.885,0.881,0.886,0.886,0.702,0.703,0.54498,0.643037771922397,0.730866551740282,0.73,0.848,0.885,0.802511788059866
725,0.815849056603773,0.790876108329728,0.743598445993844,0.697125,0.6961829,0.6932088,0.723,0.7522977,0.7342082,0.8825902,0.8823957,0.8835895,0.8833611,0.8846236,0.8844865,0.8804964,0.8856334,0.885623,0.6942482,0.6954822,0.5301,0.631206079710802,0.726072770937149,0.723,0.8488,0.8843616,0.799443800546367
730,0.808540218470705,0.786009630005936,0.738974710974968,0.692,0.691,0.688,0.718,0.746,0.732,0.882,0.882,0.883,0.883,0.884,0.884,0.88,0.885,0.885,0.687,0.688,0.51526,0.619308802138417,0.721750627793187,0.718,0.8505,0.884,0.79617622797258
735,0.807626613704072,0.781203149976483,0.734039431169534,0.6855625,0.684456,0.6815985,0.712,0.7370192,0.7289287,0.8806258,0.8811283,0.881635,0.8822558,0.8825941,0.8826626,0.8791008,0.8835898,0.8835948,0.6812798,0.6817463,0.49997,0.607742016648836,0.717480755166687,0.712,0.8408,0.8832624,0.792632359742504
740,0.803058589870904,0.776456081607958,0.728932644717675,0.679,0.678,0.675,0.705,0.73,0.723,0.879,0.88,0.88,0.881,0.881,0.881,0.878,0.882,0.882,0.676,0.676,0.48483,0.596113117111702,0.713237264099857,0.705,0.8304,0.882,0.788722365809827
745,0.800317775571003,0.771837012204164,0.72459628808863,0.6734375,0.672993,0.6692723,0.7,0.7286254,0.7138268,0.8777817,0.878966,0.8787454,0.8793658,0.879875,0.879738,0.8769755,0.8808825,0.8808727,0.6698824,0.6697825,0.46992,0.583286489521491,0.708994277919071,0.7,0.8277,0.8803387,0.78538867879319
750,0.795749751737835,0.767190335610634,0.720234013983629,0.668,0.668,0.664,0.694,0.728,0.706,0.877,0.878,0.878,0.878,0.879,0.879,0.876,0.88,0.88,0.663,0.663,0.45506,0.570814623091644,0.704725932317524,0.694,0.8303,0.879,0.782108705066605
755,0.791181727904667,0.76224013226484,0.715586790654181,0.6619375,0.6615722,0.6585623,0.689,0.7231041,0.703514,0.8764974,0.8770078,0.8776332,0.8774059,0.8780309,0.8786352,0.8749974,0.8790052,0.8790394,0.6558154,0.6558737,0.44046,0.559060220882893,0.700178773019369,0.689,0.834,0.8785078,0.778832012541184
760,0.786613704071499,0.757268049678829,0.71091902721588,0.656,0.655,0.653,0.684,0.717,0.703,0.876,0.876,0.877,0.877,0.877,0.878,0.874,0.878,0.878,0.649,0.649,0.42634,0.547452258114396,0.695611515882068,0.684,0.8236,0.878,0.775590039048311
765,0.783872889771599,0.752307879502986,0.706262447081897,0.651,0.6497184,0.6474784,0.677,0.7137082,0.7004922,0.8752286,0.8750028,0.8755967,0.8761355,0.8760015,0.8765961,0.873035,0.8770966,0.8769698,0.6429808,0.6428476,0.4118,0.534725525717004,0.69105520125013,0.677,0.8224,0.8766303,0.772466570817824
770,0.779304865938431,0.747393395699961,0.70164875706025,0.646,0.645,0.642,0.672,0.713,0.697,0.874,0.874,0.874,0.875,0.875,0.875,0.872,0.876,0.876,0.637,0.637,0.39759,0.522177980662559,0.686540853220459,0.672,0.8184,0.875,0.769417350934932
775,0.775650446871897,0.742558354519193,0.697109647329901,0.64,0.6398042,0.6365241,0.666,0.712938,0.6941423,0.872338,0.872981,0.8728552,0.8739271,0.873963,0.8738553,0.8708626,0.8744832,0.8750813,0.6303862,0.630986,0.38416,0.509984225273192,0.682099479618955,0.666,0.816,0.8738461,0.76632229743605
780,0.771082423038729,0.737953267712634,0.69278641748526,0.634,0.634,0.631,0.662,0.709,0.691,0.871,0.872,0.872,0.873,0.873,0.873,0.87,0.873,0.874,0.624,0.625,0.37073,0.497789974504944,0.677869337576599,0.662,0.814,0.873,0.763141105411831
